election_jurisdiction,election_year,ballot_measure_committee,contributor,type_of_contributor,specific_business,general_industry,broad_sector,parent_org_or_employer,number_of_records,dollar_amount
CA,2012,ALLIANCE FOR A BETTER CALIFORNIA,PEACE OFFICERS RESEARCH ASSOCIATION OF CALIFORNIA,Non-Individual,Police unions & associations,Public Sector Unions,Labor,NA,13,1526845.78
CA,2016,CALIFORNIANS FOR DEATH PENALTY REFORM & SAVINGS FKA CALIFORNIANS FOR JUSTICE & PUBLIC SAFETY,PEACE OFFICERS RESEARCH ASSOCIATION OF CALIFORNIA,Non-Individual,Police unions & associations,Public Sector Unions,Labor,NA,14,755000
CA,2012,ALLIANCE FOR A BETTER CALIFORNIA,LOS ANGELES POLICE PROTECTIVE LEAGUE,Non-Individual,Police unions & associations,Public Sector Unions,Labor,NA,8,533500
CA,2012,CALIFORNIA STATEWIDE LAW ENFORCEMENT ASSOCIATION,CALIFORNIA STATEWIDE LAW ENFORCEMENT ASSOCIATION,Non-Individual,Police unions & associations,Public Sector Unions,Labor,NA,7,498064
OH,2011,WE ARE OHIO,OHIO STATE FRATERNAL ORDER OF POLICE,Non-Individual,Police unions & associations,Public Sector Unions,Labor,FRATERNAL ORDER OF POLICE ASSOCIATES / FOP,11,391938
CA,2014,"CALIFORNIANS AGAINST PROP. 47, SPONSORED BY CALIFORNIA PUBLIC SAFETY INSTITUTE",PEACE OFFICERS RESEARCH ASSOCIATION OF CALIFORNIA,Non-Individual,Police unions & associations,Public Sector Unions,Labor,NA,4,286000
CA,2012,LOS ANGELES POLICE PROTECTIVE LEAGUE,LOS ANGELES POLICE PROTECTIVE LEAGUE,Non-Individual,Police unions & associations,Public Sector Unions,Labor,NA,3,281800
AK,2014,NO ON 1 - REPEAL 37,ANCHORAGE POLICE DEPARTMENT EMPLOYEES ASSOCIATIION,Non-Individual,Police unions & associations,Public Sector Unions,Labor,NA,6,260776.99
CA,2012,ALLIANCE FOR A BETTER CALIFORNIA,CALIFORNIA ASSOCIATION OF HIGHWAY PATROLMEN,Non-Individual,Police unions & associations,Public Sector Unions,Labor,NA,3,250000
CA,2012,ALLIANCE FOR A BETTER CALIFORNIA,ASSOCIATION FOR LOS ANGELES DEPUTY SHERIFFS,Non-Individual,Police unions & associations,Public Sector Unions,Labor,NA,1,250000
CA,2012,BIPARTISAN COALITION OF BUSINESS LABOR REPUBLICANS DEMOCRATS & GOVERNOR BROWN,CALIFORNIA STATEWIDE LAW ENFORCEMENT ASSOCIATION,Non-Individual,Police unions & associations,Public Sector Unions,Labor,NA,1,250000
CA,2016,CALIFORNIANS FOR DEATH PENALTY REFORM & SAVINGS FKA CALIFORNIANS FOR JUSTICE & PUBLIC SAFETY,CALIFORNIA ASSOCIATION OF HIGHWAY PATROLMEN,Non-Individual,Police unions & associations,Public Sector Unions,Labor,NA,3,250000
CA,2016,CALIFORNIANS FOR DEATH PENALTY REFORM & SAVINGS FKA CALIFORNIANS FOR JUSTICE & PUBLIC SAFETY,LOS ANGELES POLICE PROTECTIVE LEAGUE,Non-Individual,Police unions & associations,Public Sector Unions,Labor,NA,4,250000
CA,2016,CALIFORNIA STATEWIDE LAW ENFORCEMENT ASSOCIATION,CALIFORNIA STATEWIDE LAW ENFORCEMENT ASSOCIATION,Non-Individual,Police unions & associations,Public Sector Unions,Labor,NA,5,249048
CA,2005,NO ON 75 ORGANIZATIONS OPPOSED TO PAYCHECK DECEPTION,PEACE OFFICERS RESEARCH ASSOCIATION OF CALIFORNIA,Non-Individual,Police unions & associations,Public Sector Unions,Labor,NA,1,247931.25
CA,2005,NO ON 76 ORGANIZATIONS OPPOSED TO SCHOOL CUTS,PEACE OFFICERS RESEARCH ASSOCIATION OF CALIFORNIA,Non-Individual,Police unions & associations,Public Sector Unions,Labor,NA,1,247931.25
CA,2005,NO ON 75 STATE EMPLOYEES & PUBLIC EMPLOYEES OPPOSED TO PAYCHECK DECEPTION,CALIFORNIA ASSOCIATION OF HIGHWAY PATROLMEN,Non-Individual,Police unions & associations,Public Sector Unions,Labor,NA,4,230000
CA,2016,CALIFORNIANS FOR DEATH PENALTY REFORM & SAVINGS FKA CALIFORNIANS FOR JUSTICE & PUBLIC SAFETY,SAN FRANCISCO POLICE OFFICERS ASSOCIATION LOCAL 9,Non-Individual,Police unions & associations,Public Sector Unions,Labor,SERVICE EMPLOYEES INTERNATIONAL UNION / SEIU,7,215000
CA,2016,CALIFORNIANS FOR DEATH PENALTY REFORM & SAVINGS FKA CALIFORNIANS FOR JUSTICE & PUBLIC SAFETY,ASSOCIATION FOR LOS ANGELES DEPUTY SHERIFFS,Non-Individual,Police unions & associations,Public Sector Unions,Labor,NA,6,210000
CA,2016,NO ON 57 - STOP EARLY RELEASE OF VIOLENT CRIMINALS (SERVC),ASSOCIATION FOR LOS ANGELES DEPUTY SHERIFFS,Non-Individual,Police unions & associations,Public Sector Unions,Labor,NA,2,200000
CA,2012,CALIFORNIANS FOR DEATH PENALTY REFORM & SAVINGS FKA CALIFORNIANS FOR JUSTICE & PUBLIC SAFETY,PEACE OFFICERS RESEARCH ASSOCIATION OF CALIFORNIA,Non-Individual,Police unions & associations,Public Sector Unions,Labor,NA,11,192966.66
CA,2005,NO ON 75 STATE EMPLOYEES & PUBLIC EMPLOYEES OPPOSED TO PAYCHECK DECEPTION,PEACE OFFICERS RESEARCH ASSOCIATION OF CALIFORNIA,Non-Individual,Police unions & associations,Public Sector Unions,Labor,NA,6,185000
CA,2012,CALIFORNIANS AGAINST SEXUAL EXPLOITATION,PEACE OFFICERS RESEARCH ASSOCIATION OF CALIFORNIA,Non-Individual,Police unions & associations,Public Sector Unions,Labor,NA,4,162458.72
CA,2012,BIPARTISAN COALITION OF BUSINESS LABOR REPUBLICANS DEMOCRATS & GOVERNOR BROWN,PEACE OFFICERS RESEARCH ASSOCIATION OF CALIFORNIA,Non-Individual,Police unions & associations,Public Sector Unions,Labor,NA,2,150000
CA,2016,CALIFORNIANS FOR DEATH PENALTY REFORM & SAVINGS FKA CALIFORNIANS FOR JUSTICE & PUBLIC SAFETY,SAN BERNARDINO COUNTY SAFETY EMPLOYEES ASSOCIATION,Non-Individual,Police unions & associations,Public Sector Unions,Labor,NA,2,150000
CA,2016,NO ON 57 - STOP EARLY RELEASE OF VIOLENT CRIMINALS (SERVC),LOS ANGELES COUNTY PROFESSIONAL PEACE OFFICERS ASSOCIATION,Non-Individual,Police unions & associations,Public Sector Unions,Labor,NA,1,150000
OH,2011,WE ARE OHIO,FRATERNAL ORDER OF POLICE CAPITAL CITY LODGE 9,Non-Individual,Police unions & associations,Public Sector Unions,Labor,NA,12,149793.32
OR,2014,NO ON 91,OREGON STATE SHERIFFS ASSOCIATION,Non-Individual,Police unions & associations,Public Sector Unions,Labor,NA,2,145000
CA,2016,CALIFORNIANS FOR DEATH PENALTY REFORM & SAVINGS FKA CALIFORNIANS FOR JUSTICE & PUBLIC SAFETY,LOS ANGELES COUNTY PROFESSIONAL PEACE OFFICERS ASSOCIATION,Non-Individual,Police unions & associations,Public Sector Unions,Labor,NA,5,125906.98
CA,2012,ALLIANCE FOR A BETTER CALIFORNIA,CALIFORNIA STATEWIDE LAW ENFORCEMENT ASSOCIATION,Non-Individual,Police unions & associations,Public Sector Unions,Labor,NA,2,120000
CA,2006,YES ON 82 PRESCHOOL FOR ALL,LAW ENFORCEMENT LEADERS FOR QUALTY PRESCHOOL - YES ON 82 SPONSORED BY INVEST IN KIDS,Non-Individual,Police unions & associations,Public Sector Unions,Labor,NA,1,110000
CA,2016,CALIFORNIANS FOR DEATH PENALTY REFORM & SAVINGS FKA CALIFORNIANS FOR JUSTICE & PUBLIC SAFETY,SACRAMENTO COUNTY DEPUTY SHERIFFS ASSOCIATION,Non-Individual,Police unions & associations,Public Sector Unions,Labor,NA,3,110000
CA,2016,SAN FRANCISCO POLICE OFFICERS ASSOCIATION LOCAL 9,SAN FRANCISCO POLICE OFFICERS ASSOCIATION LOCAL 9,Non-Individual,Police unions & associations,Public Sector Unions,Labor,SERVICE EMPLOYEES INTERNATIONAL UNION / SEIU,2,105000
CA,2004,YES ON 1A CALIFORNIANS TO PROTECT LOCAL TAXPAYERS & PUBLIC SAFETY,PEACE OFFICERS RESEARCH ASSOCIATION OF CALIFORNIA,Non-Individual,Police unions & associations,Public Sector Unions,Labor,NA,2,102500
CA,2008,PEOPLE AGAINST THE PROPOSITION 5 DECEPTION,LOS ANGELES POLICE PROTECTIVE LEAGUE,Non-Individual,Police unions & associations,Public Sector Unions,Labor,NA,2,101800
CA,2009,BUDGET REFORM NOW,PEACE OFFICERS RESEARCH ASSOCIATION OF CALIFORNIA,Non-Individual,Police unions & associations,Public Sector Unions,Labor,NA,1,100000
CA,2012,ALLIANCE FOR A BETTER CALIFORNIA,SAN BERNARDINO COUNTY SAFETY EMPLOYEES ASSOCIATION,Non-Individual,Police unions & associations,Public Sector Unions,Labor,NA,1,100000
CA,2012,SAVE 3 STRIKES,PEACE OFFICERS RESEARCH ASSOCIATION OF CALIFORNIA,Non-Individual,Police unions & associations,Public Sector Unions,Labor,NA,1,100000
CA,2016,CALIFORNIANS FOR PUBLIC SAFETY & REHABILITATION,CALIFORNIA STATEWIDE LAW ENFORCEMENT ASSOCIATION,Non-Individual,Police unions & associations,Public Sector Unions,Labor,NA,1,100000
WA,2018,COALITION FOR A SAFER WA,SEATTLE POLICE OFFICERS GUILD,Non-Individual,Police unions & associations,Public Sector Unions,Labor,NA,2,100000
CA,2005,NO ON 75 ORGANIZATIONS OPPOSED TO PAYCHECK DECEPTION,MINORITIES IN LAW ENFORCEMENT IE CMTE,Non-Individual,Police unions & associations,Public Sector Unions,Labor,NA,1,98000
CA,2016,CALIFORNIANS FOR DEATH PENALTY REFORM & SAVINGS FKA CALIFORNIANS FOR JUSTICE & PUBLIC SAFETY,ASSOCIATION OF ORANGE COUNTY DEPUTY SHERIFFS,Non-Individual,Police unions & associations,Public Sector Unions,Labor,NA,5,70000
CA,2016,NO ON 57 - STOP EARLY RELEASE OF VIOLENT CRIMINALS (SERVC),LOS ANGELES POLICE PROTECTIVE LEAGUE,Non-Individual,Police unions & associations,Public Sector Unions,Labor,NA,4,62281.57
CA,2008,PEOPLE AGAINST THE PROPOSITION 5 DECEPTION,CALIFORNIA NARCOTIC OFFICERS ASSOCIATION,Non-Individual,Police unions & associations,Public Sector Unions,Labor,NA,1,60000
CA,2008,YES ON PROPOSITION 93,CALIFORNIA STATEWIDE LAW ENFORCEMENT ASSOCIATION,Non-Individual,Police unions & associations,Public Sector Unions,Labor,NA,2,60000
CA,2012,ALLIANCE FOR A BETTER CALIFORNIA,SACRAMENTO COUNTY DEPUTY SHERIFFS ASSOCIATION,Non-Individual,Police unions & associations,Public Sector Unions,Labor,NA,2,60000
CA,2008,PEOPLE AGAINST THE PROPOSITION 5 DECEPTION,PEACE OFFICERS RESEARCH ASSOCIATION OF CALIFORNIA,Non-Individual,Police unions & associations,Public Sector Unions,Labor,NA,2,56000
CA,2008,SAFE NEIGHBORHOODS ACT: YES ON PROPOSITION 6,LOS ANGELES POLICE PROTECTIVE LEAGUE,Non-Individual,Police unions & associations,Public Sector Unions,Labor,NA,2,55000
AK,2010,STOP THE GAG LAW,ANCHORAGE POLICE DEPARTMENT EMPLOYEES ASSOCIATIION,Non-Individual,Police unions & associations,Public Sector Unions,Labor,NA,1,50000
CA,2003,CALIFORNIANS AGAINST THE COSTLY RECALL OF THE GOVERNOR,CALIFORNIA ASSOCIATION OF HIGHWAY PATROLMEN,Non-Individual,Police unions & associations,Public Sector Unions,Labor,NA,2,50000
CA,2005,NO ON 76 ORGANIZATIONS OPPOSED TO SCHOOL CUTS,CALIFORNIA ASSOCIATION OF HIGHWAY PATROLMEN,Non-Individual,Police unions & associations,Public Sector Unions,Labor,NA,1,50000
CA,2005,CMTE TO PROTECT CALIFORNIAS FUTURE NO ON 74 75 76 & 77,PEACE OFFICERS RESEARCH ASSOCIATION OF CALIFORNIA,Non-Individual,Police unions & associations,Public Sector Unions,Labor,NA,1,50000
CA,2005,CMTE TO PROTECT CALIFORNIAS FUTURE NO ON 74 75 76 & 77,CALIFORNIA UNION OF SAFETY EMPLOYEES,Non-Individual,Emergency responder unions and associations,Public Sector Unions,Labor,NA,1,50000
CA,2006,CAMPAIGN FOR CHILD SAFTETY 2006 JESSICAS LAW YES ON 83,PEACE OFFICERS RESEARCH ASSOCIATION OF CALIFORNIA,Non-Individual,Police unions & associations,Public Sector Unions,Labor,NA,1,50000
CA,2009,BUDGET REFORM NOW,ASSOCIATION FOR LOS ANGELES DEPUTY SHERIFFS,Non-Individual,Police unions & associations,Public Sector Unions,Labor,NA,1,50000
CA,2010,YES ON 22 - CALIFORNIANS TO PROTECT LOCAL TAXPAYERS & VITAL SERVICES,PEACE OFFICERS RESEARCH ASSOCIATION OF CALIFORNIA,Non-Individual,Police unions & associations,Public Sector Unions,Labor,NA,1,50000
CA,2010,NO ON 26,PEACE OFFICERS RESEARCH ASSOCIATION OF CALIFORNIA,Non-Individual,Police unions & associations,Public Sector Unions,Labor,NA,1,50000
CA,2012,LOS ANGELES COUNTY FEDERATION OF LABOR,LOS ANGELES COUNTY PROFESSIONAL PEACE OFFICERS ASSOCIATION,Non-Individual,Police unions & associations,Public Sector Unions,Labor,NA,1,50000
CA,2012,ALLIANCE FOR A BETTER CALIFORNIA,ASSOCIATION OF ORANGE COUNTY DEPUTY SHERIFFS,Non-Individual,Police unions & associations,Public Sector Unions,Labor,NA,2,50000
CA,2016,CALIFORNIANS FOR DEATH PENALTY REFORM & SAVINGS FKA CALIFORNIANS FOR JUSTICE & PUBLIC SAFETY,RIVERSIDE SHERIFFS ASSOCIATION,Non-Individual,Police unions & associations,Public Sector Unions,Labor,NA,1,50000
CA,2018,COALITION TO PROTECT LOCAL TRANSPORTATION IMPROVEMENTS SPONSORED BY BUSINESS LABOR LOCAL GOVERNMENTS TRANSPORTATION ADVOCATES & TAXPAYERS,PEACE OFFICERS RESEARCH ASSOCIATION OF CALIFORNIA,Non-Individual,Police unions & associations,Public Sector Unions,Labor,NA,1,50000
NY,2017,NEW YORKERS AGAINST CORRUPTION,NASSAU COUNTY POLICE BENEVOLENT ASSOCIATION,Non-Individual,Police unions & associations,Public Sector Unions,Labor,NA,1,50000
NY,2017,NEW YORKERS AGAINST CORRUPTION,SUFFOLK COUNTY PBA,Non-Individual,Police unions & associations,Public Sector Unions,Labor,NA,1,50000
CA,2010,PUBLIC SAFETY FIRST - NO ON PROPOSITION 19,CALIFORNIA POLICE CHIEFS ASSOCIATION,Non-Individual,Police unions & associations,Public Sector Unions,Labor,NA,2,49999
CA,2005,NO ON 75 STATE EMPLOYEES & PUBLIC EMPLOYEES OPPOSED TO PAYCHECK DECEPTION,RIVERSIDE SHERIFFS ASSOCIATION,Non-Individual,Police unions & associations,Public Sector Unions,Labor,NA,4,45000
CA,2005,NO ON 75 ORGANIZATIONS OPPOSED TO PAYCHECK DECEPTION,CALIFORNIA UNION OF SAFETY EMPLOYEES,Non-Individual,Emergency responder unions and associations,Public Sector Unions,Labor,NA,2,41150
OH,2011,WE ARE OHIO,OHIO PATROLMENS BENEVOLENT ASSOCIATION,Non-Individual,Police unions & associations,Public Sector Unions,Labor,NA,3,37900
CA,2016,CALIFORNIANS FOR DEATH PENALTY REFORM & SAVINGS FKA CALIFORNIANS FOR JUSTICE & PUBLIC SAFETY,DEPUTY SHERIFFS ASSOCIATION OF SANTA CLARA COUNTY,Non-Individual,Police unions & associations,Public Sector Unions,Labor,NA,2,32500
CA,2008,YES ON 6 CMTE TO TAKE BACK OUR NEIGHBORHOODS,PEACE OFFICERS RESEARCH ASSOCIATION OF CALIFORNIA,Non-Individual,Police unions & associations,Public Sector Unions,Labor,NA,2,31000
CA,2003,THE GOVERNOR GRAY DAVIS CMTE,PEACE OFFICERS RESEARCH ASSOCIATION OF CALIFORNIA,Non-Individual,Police unions & associations,Public Sector Unions,Labor,NA,1,30000
CA,2003,CALIFORNIANS AGAINST THE COSTLY RECALL OF THE GOVERNOR,PEACE OFFICERS RESEARCH ASSOCIATION OF CALIFORNIA,Non-Individual,Police unions & associations,Public Sector Unions,Labor,NA,1,25000
CA,2003,THE GOVERNOR GRAY DAVIS CMTE,CALIFORNIA UNION OF SAFETY EMPLOYEES,Non-Individual,Emergency responder unions and associations,Public Sector Unions,Labor,NA,1,25000
CA,2003,CALIFORNIANS FOR STABILITY NO ON THE GOVERNORS RECALL,CALIFORNIA ASSOCIATION OF HIGHWAY PATROLMEN,Non-Individual,Police unions & associations,Public Sector Unions,Labor,NA,1,25000
CA,2004,CALIFORNIA ORGANIZATION OF POLICE & SHERIFFS,PEACE OFFICERS RESEARCH ASSOCIATION OF CALIFORNIA,Non-Individual,Police unions & associations,Public Sector Unions,Labor,NA,1,25000
CA,2005,CMTE TO PROTECT CALIFORNIAS FUTURE NO ON 74 75 76 & 77,CALIFORNIA ASSOCIATION OF HIGHWAY PATROLMEN,Non-Individual,Police unions & associations,Public Sector Unions,Labor,NA,1,25000
CA,2005,NO ON 75 STATE EMPLOYEES & PUBLIC EMPLOYEES OPPOSED TO PAYCHECK DECEPTION,LOS ANGELES COUNTY PROFESSIONAL PEACE OFFICERS ASSOCIATION,Non-Individual,Police unions & associations,Public Sector Unions,Labor,NA,1,25000
CA,2008,PEOPLE AGAINST THE PROPOSITION 5 DECEPTION,ASSOCIATION FOR LOS ANGELES DEPUTY SHERIFFS,Non-Individual,Police unions & associations,Public Sector Unions,Labor,NA,1,25000
CA,2008,SAFE NEIGHBORHOODS ACT: YES ON PROPOSITION 6,ASSOCIATION FOR LOS ANGELES DEPUTY SHERIFFS,Non-Individual,Police unions & associations,Public Sector Unions,Labor,NA,1,25000
CA,2008,YES ON 6 CMTE TO TAKE BACK OUR NEIGHBORHOODS,ASSOCIATION FOR LOS ANGELES DEPUTY SHERIFFS,Non-Individual,Police unions & associations,Public Sector Unions,Labor,NA,1,25000
CA,2008,YES ON PROPOSITION 93,CALIFORNIA ASSOCIATION OF HIGHWAY PATROLMEN,Non-Individual,Police unions & associations,Public Sector Unions,Labor,NA,1,25000
CA,2010,YES ON 25 - CITIZENS FOR AN ON-TIME BUDGET,PEACE OFFICERS RESEARCH ASSOCIATION OF CALIFORNIA,Non-Individual,Police unions & associations,Public Sector Unions,Labor,NA,1,25000
CA,2012,ALLIANCE FOR A BETTER CALIFORNIA,LONG BEACH POLICE OFFICERS ASSOCIATION,Non-Individual,Police unions & associations,Public Sector Unions,Labor,NA,1,25000
CA,2014,"CALIFORNIANS AGAINST PROP. 47, SPONSORED BY CALIFORNIA PUBLIC SAFETY INSTITUTE",CALIFORNIA ASSOCIATION OF HIGHWAY PATROLMEN,Non-Individual,Police unions & associations,Public Sector Unions,Labor,NA,1,25000
CA,2014,"CALIFORNIANS AGAINST PROP. 47, SPONSORED BY CALIFORNIA PUBLIC SAFETY INSTITUTE",CALIFORNIA STATE LODGE FRATERNAL ORDER OF POLICE,Non-Individual,Police unions & associations,Public Sector Unions,Labor,FRATERNAL ORDER OF POLICE ASSOCIATES / FOP,1,25000
CA,2016,CALIFORNIANS FOR DEATH PENALTY REFORM & SAVINGS FKA CALIFORNIANS FOR JUSTICE & PUBLIC SAFETY,SAN DIEGO POLICE OFFICERS ASSOCIATION,Non-Individual,Police unions & associations,Public Sector Unions,Labor,NA,2,25000
CA,2016,"COALITION FOR RESPONSIBLE DRUG POLICIES, SPONSORED BY CALIFORNIA PUBLIC SAFETY INSTITUTE",CALIFORNIA ASSOCIATION OF HIGHWAY PATROLMEN,Non-Individual,Police unions & associations,Public Sector Unions,Labor,NA,2,25000
CA,2016,"COALITION FOR RESPONSIBLE DRUG POLICIES, SPONSORED BY CALIFORNIA PUBLIC SAFETY INSTITUTE",PEACE OFFICERS RESEARCH ASSOCIATION OF CALIFORNIA,Non-Individual,Police unions & associations,Public Sector Unions,Labor,NA,1,25000
CA,2005,NO ON 75 ORGANIZATIONS OPPOSED TO PAYCHECK DECEPTION,VENTURA COUNTY DEPUTY SHERIFFS ASSOCIATION,Non-Individual,Police unions & associations,Public Sector Unions,Labor,NA,1,22116
CA,2010,PUBLIC SAFETY FIRST - NO ON PROPOSITION 19,CALIFORNIA NARCOTIC OFFICERS ASSOCIATION,Non-Individual,Police unions & associations,Public Sector Unions,Labor,NA,1,20500
CA,2004,CALIFORNIA ORGANIZATION OF POLICE & SHERIFFS,CALIFORNIA ORGANIZATION OF POLICE & SHERIFFS,Non-Individual,Police unions & associations,Public Sector Unions,Labor,NA,3,20000
CA,2004,CALIFORNIANS FOR A BALANCED BUDGET YES ON 57 & 58,PEACE OFFICERS RESEARCH ASSOCIATION OF CALIFORNIA,Non-Individual,Police unions & associations,Public Sector Unions,Labor,NA,1,20000
CA,2005,ALLIANCE FOR A BETTER CALIFORNIA,PEACE OFFICERS RESEARCH ASSOCIATION OF CALIFORNIA,Non-Individual,Police unions & associations,Public Sector Unions,Labor,NA,2,20000
CA,2012,CALIFORNIANS FOR DEATH PENALTY REFORM & SAVINGS FKA CALIFORNIANS FOR JUSTICE & PUBLIC SAFETY,ASSOCIATION FOR LOS ANGELES DEPUTY SHERIFFS,Non-Individual,Police unions & associations,Public Sector Unions,Labor,NA,1,20000
CA,2012,CALIFORNIANS FOR DEATH PENALTY REFORM & SAVINGS FKA CALIFORNIANS FOR JUSTICE & PUBLIC SAFETY,LOS ANGELES POLICE PROTECTIVE LEAGUE,Non-Individual,Police unions & associations,Public Sector Unions,Labor,NA,2,20000
CA,2012,BIPARTISAN COALITION OF BUSINESS LABOR REPUBLICANS DEMOCRATS & GOVERNOR BROWN,CALIFORNIA ASSOCIATION OF HIGHWAY PATROLMEN,Non-Individual,Police unions & associations,Public Sector Unions,Labor,NA,2,20000
CA,2016,CALIFORNIANS FOR DEATH PENALTY REFORM & SAVINGS FKA CALIFORNIANS FOR JUSTICE & PUBLIC SAFETY,LONG BEACH POLICE OFFICERS ASSOCIATION,Non-Individual,Police unions & associations,Public Sector Unions,Labor,NA,2,20000
CA,2016,"COALITION FOR RESPONSIBLE DRUG POLICIES, SPONSORED BY CALIFORNIA PUBLIC SAFETY INSTITUTE",CALIFORNIA POLICE CHIEFS ASSOCIATION,Non-Individual,Police unions & associations,Public Sector Unions,Labor,NA,2,20000
MI,2006,STOP K 16 COALITION,MICHIGAN STATE POLICE TROOPERS ASSOCIATION,Non-Individual,Police unions & associations,Public Sector Unions,Labor,NA,1,20000
OR,2014,NO ON 91,OREGON NARCOTICS ENFORCEMENT ASSOCIATION,Non-Individual,Police unions & associations,Public Sector Unions,Labor,NA,1,20000
WA,2018,COPS AGAINST I-940 WA COUNCIL OF POLICE & SHERIFFS,WASHINGTON COUNCIL OF POLICE & SHERIFFS,Non-Individual,Police unions & associations,Public Sector Unions,Labor,NA,7,19907.87
CA,2003,THE GOVERNOR GRAY DAVIS CMTE,CALIFORNIA ASSOCIATION OF HIGHWAY PATROLMEN,Non-Individual,Police unions & associations,Public Sector Unions,Labor,NA,1,18467.16
CA,2008,YES ON 93,CALIFORNIA ASSOCIATION OF HIGHWAY PATROLMEN,Non-Individual,Police unions & associations,Public Sector Unions,Labor,NA,1,15000
CA,2012,ALLIANCE FOR A BETTER CALIFORNIA,LOS ANGELES COUNTY PROFESSIONAL PEACE OFFICERS ASSOCIATION,Non-Individual,Police unions & associations,Public Sector Unions,Labor,NA,1,15000
CA,2012,ALLIANCE FOR A BETTER CALIFORNIA,CALIFORNIA STATE LODGE FRATERNAL ORDER OF POLICE,Non-Individual,Police unions & associations,Public Sector Unions,Labor,FRATERNAL ORDER OF POLICE ASSOCIATES / FOP,1,15000
CA,2012,ALLIANCE FOR A BETTER CALIFORNIA,SOUTHERN CALIFORNIA ALLIANCE OF LAW ENFORCEMENT,Non-Individual,Police unions & associations,Public Sector Unions,Labor,NA,1,15000
CA,2016,CALIFORNIANS FOR DEATH PENALTY REFORM & SAVINGS FKA CALIFORNIANS FOR JUSTICE & PUBLIC SAFETY,LAW ENFORCEMENT MANAGERS ASSOCIATION,Non-Individual,Police unions & associations,Public Sector Unions,Labor,NA,3,15000
CO,2008,PROTECT COLORADOS FUTURE,PUEBLO POLICE LOCAL 537,Non-Individual,Police unions & associations,Public Sector Unions,Labor,PUEBLO TRIBES,1,15000
WA,2018,COALITION FOR A SAFER WA,KING COUNTY POLICE OFFICERS GUILD,Non-Individual,Police unions & associations,Public Sector Unions,Labor,POLICE OFFICERS GUILD,1,15000
OH,2011,WE ARE OHIO,OHIO STATE TROOPERS ASSOCIATION,Non-Individual,Police unions & associations,Public Sector Unions,Labor,NA,5,14008.98
CA,2016,CALIFORNIANS FOR DEATH PENALTY REFORM & SAVINGS FKA CALIFORNIANS FOR JUSTICE & PUBLIC SAFETY,SAN MATEO COUNTY DEPUTY SHERIFFS ASSOCIATION,Non-Individual,Police unions & associations,Public Sector Unions,Labor,NA,1,10675
ME,2004,CITIZENS UNITED TO PROTECT OUR PUBLIC SAFETY SCHOOLS & COMMUNITIES,MAINE ASSOCIATION OF POLICE,Non-Individual,Police unions & associations,Public Sector Unions,Labor,NA,2,10500
CA,2003,CALIFORNIANS AGAINST THE COSTLY RECALL OF THE GOVERNOR,SACRAMENTO COUNTY DEPUTY SHERIFFS ASSOCIATION,Non-Individual,Police unions & associations,Public Sector Unions,Labor,NA,1,10000
CA,2003,CALIFORNIANS AGAINST THE COSTLY RECALL OF THE GOVERNOR,SAN JOSE POLICE OFFICERS ASSOCIATION,Non-Individual,Police unions & associations,Public Sector Unions,Labor,NA,1,10000
CA,2004,CALIFORNIANS FOR THE DNA FINGERPRINT,PEACE OFFICERS RESEARCH ASSOCIATION OF CALIFORNIA,Non-Individual,Police unions & associations,Public Sector Unions,Labor,NA,1,10000
CA,2004,CAMPAIGN FOR MENTAL HEALTH YESON63.ORG,PEACE OFFICERS RESEARCH ASSOCIATION OF CALIFORNIA,Non-Individual,Police unions & associations,Public Sector Unions,Labor,NA,1,10000
CA,2004,YES ON 72 SAVE YOUR HEALTHCARE,PEACE OFFICERS RESEARCH ASSOCIATION OF CALIFORNIA,Non-Individual,Police unions & associations,Public Sector Unions,Labor,NA,1,10000
CA,2005,NO ON 74 TEACHERS & SCHOOL BOARD MEMBERS FOR QUALITY EDUCATION,CALIFORNIA ASSOCIATION OF HIGHWAY PATROLMEN,Non-Individual,Police unions & associations,Public Sector Unions,Labor,NA,1,10000
CA,2005,NO ON 75 STATE EMPLOYEES & PUBLIC EMPLOYEES OPPOSED TO PAYCHECK DECEPTION,SANTA MONICA POLICE OFFICERS ASSOCIATION,Non-Individual,Police unions & associations,Public Sector Unions,Labor,NA,1,10000
CA,2006,SOUTHERN CALIFORNIANS FOR JESSICAS LAW,DEPUTY SHERIFFS ASSOCIATION OF SAN DIEGO COUNTY,Non-Individual,Police unions & associations,Public Sector Unions,Labor,NA,1,10000
CA,2008,NO ON 90 IN 2006 / NO ON 98 & YES ON 99 IN 2008,LOS ANGELES POLICE PROTECTIVE LEAGUE,Non-Individual,Police unions & associations,Public Sector Unions,Labor,NA,1,10000
CA,2008,SAFE NEIGHBORHOODS ACT: YES ON PROPOSITION 6,FRESNO POLICE OFFICERS ASSOCIATION,Non-Individual,Police unions & associations,Public Sector Unions,Labor,FPOA,1,10000
CA,2008,YES ON 93,CALIFORNIA STATEWIDE LAW ENFORCEMENT ASSOCIATION,Non-Individual,Police unions & associations,Public Sector Unions,Labor,NA,1,10000
CA,2008,COALITION TO PROTECT CALIFORNIAS BUDGET & ECONOMY,CALIFORNIA STATEWIDE LAW ENFORCEMENT ASSOCIATION,Non-Individual,Police unions & associations,Public Sector Unions,Labor,NA,1,10000
CA,2010,YES ON 14 - CALIFORNIANS FOR AN OPEN PRIMARY,LOS ANGELES COUNTY PROFESSIONAL PEACE OFFICERS ASSOCIATION,Non-Individual,Police unions & associations,Public Sector Unions,Labor,NA,1,10000
CA,2010,TAXPAYERS AGAINST PROTECTING POLLUTERS - NO ON PROPOSITION 26,CALIFORNIA ASSOCIATION OF HIGHWAY PATROLMEN,Non-Individual,Police unions & associations,Public Sector Unions,Labor,NA,1,10000
CA,2010,PUBLIC SAFETY FIRST - NO ON PROPOSITION 19,SAN MATEO COUNTY DEPUTY SHERIFFS ASSOCIATION,Non-Individual,Police unions & associations,Public Sector Unions,Labor,NA,1,10000
CA,2010,PUBLIC SAFETY FIRST - NO ON PROPOSITION 19,CALIF PEACE OFFICERS ASSOCIATION,Non-Individual,Police unions & associations,Public Sector Unions,Labor,NA,2,10000
CA,2010,YES ON 25 - CITIZENS FOR AN ON-TIME BUDGET,CALIFORNIA ASSOCIATION OF HIGHWAY PATROLMEN,Non-Individual,Police unions & associations,Public Sector Unions,Labor,NA,1,10000
CA,2012,ALLIANCE FOR A BETTER CALIFORNIA,DEPUTY SHERIFFS ASSOCIATION OF SAN DIEGO COUNTY,Non-Individual,Police unions & associations,Public Sector Unions,Labor,NA,1,10000
CA,2012,ALLIANCE FOR A BETTER CALIFORNIA,SANTA ANA POLICE OFFICERS ASSOCIATION,Non-Individual,Police unions & associations,Public Sector Unions,Labor,NA,1,10000
CA,2012,ALLIANCE FOR A BETTER CALIFORNIA,FRATERNAL ORDER OF POLICE COUNTY LODGE 1,Non-Individual,Police unions & associations,Public Sector Unions,Labor,NA,1,10000
CA,2012,CALIFORNIANS FOR DEATH PENALTY REFORM & SAVINGS FKA CALIFORNIANS FOR JUSTICE & PUBLIC SAFETY,CALIFORNIA ASSOCIATION OF HIGHWAY PATROLMEN,Non-Individual,Police unions & associations,Public Sector Unions,Labor,NA,1,10000
CA,2012,CALIFORNIANS FOR DEATH PENALTY REFORM & SAVINGS FKA CALIFORNIANS FOR JUSTICE & PUBLIC SAFETY,SACRAMENTO COUNTY DEPUTY SHERIFFS ASSOCIATION,Non-Individual,Police unions & associations,Public Sector Unions,Labor,NA,1,10000
CA,2012,CALIFORNIANS FOR DEATH PENALTY REFORM & SAVINGS FKA CALIFORNIANS FOR JUSTICE & PUBLIC SAFETY,RIVERSIDE POLICE OFFICERS ASSOCIATION,Non-Individual,Police unions & associations,Public Sector Unions,Labor,NA,1,10000
CA,2016,CALIFORNIANS FOR DEATH PENALTY REFORM & SAVINGS FKA CALIFORNIANS FOR JUSTICE & PUBLIC SAFETY,CONTRA COSTA COUNTY DEPUTY SHERIFFS ASSOCIATION,Non-Individual,Police unions & associations,Public Sector Unions,Labor,NA,2,10000
CA,2016,CALIFORNIANS FOR DEATH PENALTY REFORM & SAVINGS FKA CALIFORNIANS FOR JUSTICE & PUBLIC SAFETY,SAN JOSE POLICE OFFICERS ASSOCIATION,Non-Individual,Police unions & associations,Public Sector Unions,Labor,NA,2,10000
CA,2016,CALIFORNIANS FOR DEATH PENALTY REFORM & SAVINGS FKA CALIFORNIANS FOR JUSTICE & PUBLIC SAFETY,RIVERSIDE POLICE OFFICERS ASSOCIATION,Non-Individual,Police unions & associations,Public Sector Unions,Labor,NA,1,10000
CA,2016,CALIFORNIANS FOR DEATH PENALTY REFORM & SAVINGS FKA CALIFORNIANS FOR JUSTICE & PUBLIC SAFETY,BAKERSFIELD POLICE OFFICERS ASSOCIATION,Non-Individual,Police unions & associations,Public Sector Unions,Labor,NA,2,10000
CA,2016,CALIFORNIANS FOR DEATH PENALTY REFORM & SAVINGS FKA CALIFORNIANS FOR JUSTICE & PUBLIC SAFETY,PLACER COUNTY DEPUTY SHERIFFS ASSOCIATION,Non-Individual,Police unions & associations,Public Sector Unions,Labor,NA,1,10000
CA,2016,CALIFORNIANS FOR DEATH PENALTY REFORM & SAVINGS FKA CALIFORNIANS FOR JUSTICE & PUBLIC SAFETY,RICHMOND POLICE OFFICERS ASSOCIATION,Non-Individual,Police unions & associations,Public Sector Unions,Labor,NA,1,10000
CA,2016,CALIFORNIANS FOR DEATH PENALTY REFORM & SAVINGS FKA CALIFORNIANS FOR JUSTICE & PUBLIC SAFETY,CALIFORNIA COALITION OF LAW ENFORCEMENT ASSOCIATIONS,Non-Individual,Police unions & associations,Public Sector Unions,Labor,NA,1,10000
CA,2016,"COALITION FOR RESPONSIBLE DRUG POLICIES, SPONSORED BY CALIFORNIA PUBLIC SAFETY INSTITUTE",LOS ANGELES COUNTY PROFESSIONAL PEACE OFFICERS ASSOCIATION,Non-Individual,Police unions & associations,Public Sector Unions,Labor,NA,1,10000
CA,2016,"COALITION FOR RESPONSIBLE DRUG POLICIES, SPONSORED BY CALIFORNIA PUBLIC SAFETY INSTITUTE",ASSOCIATION FOR LOS ANGELES DEPUTY SHERIFFS,Non-Individual,Police unions & associations,Public Sector Unions,Labor,NA,2,10000
CA,2016,"COALITION FOR RESPONSIBLE DRUG POLICIES, SPONSORED BY CALIFORNIA PUBLIC SAFETY INSTITUTE",ASSOCIATION OF ORANGE COUNTY DEPUTY SHERIFFS,Non-Individual,Police unions & associations,Public Sector Unions,Labor,NA,2,10000
CA,2016,"COALITION FOR RESPONSIBLE DRUG POLICIES, SPONSORED BY CALIFORNIA PUBLIC SAFETY INSTITUTE",LOS ANGELES POLICE PROTECTIVE LEAGUE,Non-Individual,Police unions & associations,Public Sector Unions,Labor,NA,2,10000
CA,2016,"COALITION FOR RESPONSIBLE DRUG POLICIES, SPONSORED BY CALIFORNIA PUBLIC SAFETY INSTITUTE",CALIF PEACE OFFICERS ASSOCIATION,Non-Individual,Police unions & associations,Public Sector Unions,Labor,NA,2,10000
CA,2016,NO ON 57 - STOP EARLY RELEASE OF VIOLENT CRIMINALS (SERVC),SAN FRANCISCO POLICE OFFICERS ASSOCIATION LOCAL 9,Non-Individual,Police unions & associations,Public Sector Unions,Labor,SERVICE EMPLOYEES INTERNATIONAL UNION / SEIU,3,10000
MA,2008,COALITION FOR OUR COMMUNITIES,BOSTON POLICE PATROLMENS ASSOCIATION,Non-Individual,Police unions & associations,Public Sector Unions,Labor,NA,1,10000
NE,2016,NEBRASKANS FOR THE DEATH PENALTY INC,OMAHA POLICE LOCAL 101,Non-Individual,Police unions & associations,Public Sector Unions,Labor,NA,1,10000
NV,2006,CMTE TO KEEP NEVADA RESPECTABLE,LAS VEGAS POLICE PROTECTIVE ASSOCIATION CIVILIAN EMPLOYEES,Non-Individual,Police unions & associations,Public Sector Unions,Labor,NA,1,10000
WA,2018,COALITION FOR A SAFER WA,PEACE OFFICERS RESEARCH ASSOCIATION OF CALIFORNIA,Non-Individual,Police unions & associations,Public Sector Unions,Labor,NA,1,10000
WA,2018,COALITION FOR A SAFER WA,ASSOCIATION FOR LOS ANGELES DEPUTY SHERIFFS,Non-Individual,Police unions & associations,Public Sector Unions,Labor,NA,1,10000
WA,2018,COALITION FOR A SAFER WA,LOS ANGELES POLICE PROTECTIVE LEAGUE,Non-Individual,Police unions & associations,Public Sector Unions,Labor,NA,1,10000
WA,2018,COPS AGAINST I-940 WA COUNCIL OF POLICE & SHERIFFS,TACOMA POLICE LOCAL 6,Non-Individual,Police unions & associations,Public Sector Unions,Labor,NA,1,10000
WA,2018,COPS AGAINST I-940 WA COUNCIL OF POLICE & SHERIFFS,SPOKANE POLICE GUILD,Non-Individual,Police unions & associations,Public Sector Unions,Labor,NA,3,10000
WA,2019,KEEP WASHINGTON ROLLING,WASHINGTON STATE PATROL TROOPERS ASSOCIATION,Non-Individual,Police unions & associations,Public Sector Unions,Labor,NA,1,10000
CA,2006,CAMPAIGN FOR CHILD SAFTETY 2006 JESSICAS LAW YES ON 83,ASSOCIATION FOR LOS ANGELES DEPUTY SHERIFFS,Non-Individual,Police unions & associations,Public Sector Unions,Labor,NA,1,9272.56
CA,2014,"CALIFORNIANS AGAINST PROP. 47, SPONSORED BY CALIFORNIA PUBLIC SAFETY INSTITUTE",SAN MATEO COUNTY DEPUTY SHERIFFS ASSOCIATION,Non-Individual,Police unions & associations,Public Sector Unions,Labor,NA,1,7500
CA,2016,CALIFORNIANS FOR DEATH PENALTY REFORM & SAVINGS FKA CALIFORNIANS FOR JUSTICE & PUBLIC SAFETY,KERN LAW ENFORCEMENT ASSOCIATION,Non-Individual,Police unions & associations,Public Sector Unions,Labor,NA,2,7500
WA,2018,COALITION FOR A SAFER WA,HOUSTON POLICE OFFICERS UNION,Non-Individual,Police unions & associations,Public Sector Unions,Labor,NA,1,7500
OH,2011,WE ARE OHIO,CLEVELAND POLICE PATROLMENS ASSOCIATION,Non-Individual,Police unions & associations,Public Sector Unions,Labor,NA,1,7200
CA,2012,CALIFORNIANS FOR DEATH PENALTY REFORM & SAVINGS FKA CALIFORNIANS FOR JUSTICE & PUBLIC SAFETY,RIVERSIDE SHERIFFS ASSOCIATION,Non-Individual,Police unions & associations,Public Sector Unions,Labor,NA,1,6000
MI,2012,STAND UP FOR DEMOCRACY,DETROIT POLICE OFFICERS ASSOCIATION,Non-Individual,Police unions & associations,Public Sector Unions,Labor,NA,2,6000
CO,2010,GREELEY POLICE OFFICERS ASSOCIATION,GREELEY POLICE OFFICERS ASSOCIATION,Non-Individual,Police unions & associations,Public Sector Unions,Labor,NA,6,5635.67
AZ,2010,YES ON 100,ARIZONA HIGHWAY PATROL,Non-Individual,Police unions & associations,Public Sector Unions,Labor,NA,1,5034
AZ,2002,BATTLEGROUND ARIZONA,PHOENIX LAW ENFORCEMENT ASSOCIATION,Non-Individual,Police unions & associations,Public Sector Unions,Labor,OPERATIVE PLASTERERS & CEMENT MASONS INTERNATIONAL ASSOCIATION / OP&CMIA,1,5000
AZ,2012,OPEN GOVERNMENT CMTE SUPPORTING C-03-2012,PHOENIX LAW ENFORCEMENT ASSOCIATION,Non-Individual,Police unions & associations,Public Sector Unions,Labor,OPERATIVE PLASTERERS & CEMENT MASONS INTERNATIONAL ASSOCIATION / OP&CMIA,1,5000
CA,2004,STOP THE PHONE TAX NO ON 67,PEACE OFFICERS RESEARCH ASSOCIATION OF CALIFORNIA,Non-Individual,Police unions & associations,Public Sector Unions,Labor,NA,1,5000
CA,2004,YES ON 1A CALIFORNIANS TO PROTECT LOCAL TAXPAYERS & PUBLIC SAFETY,LONG BEACH POLICE OFFICERS ASSOCIATION,Non-Individual,Police unions & associations,Public Sector Unions,Labor,NA,1,5000
CA,2004,YES ON 1A CALIFORNIANS TO PROTECT LOCAL TAXPAYERS & PUBLIC SAFETY,SAN JOSE POLICE OFFICERS ASSOCIATION,Non-Individual,Police unions & associations,Public Sector Unions,Labor,NA,1,5000
CA,2004,YES ON 1A CALIFORNIANS TO PROTECT LOCAL TAXPAYERS & PUBLIC SAFETY,VENTURA COUNTY DEPUTY SHERIFFS ASSOCIATION,Non-Individual,Police unions & associations,Public Sector Unions,Labor,NA,1,5000
CA,2004,YES ON 1A CALIFORNIANS TO PROTECT LOCAL TAXPAYERS & PUBLIC SAFETY,SAN DIEGO POLICE OFFICERS ASSOCIATION,Non-Individual,Police unions & associations,Public Sector Unions,Labor,NA,1,5000
CA,2004,YES ON 1A CALIFORNIANS TO PROTECT LOCAL TAXPAYERS & PUBLIC SAFETY,LOS ANGELES COUNTY POLICE CHIEFS ASSOCIATION,Non-Individual,Police unions & associations,Public Sector Unions,Labor,NA,2,5000
CA,2005,ALLIANCE FOR A BETTER CALIFORNIA,SONOMA COUNTY LAW ENFORCEMENT ASSOCIATION,Non-Individual,Police unions & associations,Public Sector Unions,Labor,NA,1,5000
CA,2005,NO ON 75 STATE EMPLOYEES & PUBLIC EMPLOYEES OPPOSED TO PAYCHECK DECEPTION,ASSOCIATION FOR LOS ANGELES DEPUTY SHERIFFS,Non-Individual,Police unions & associations,Public Sector Unions,Labor,NA,1,5000
CA,2005,NO ON 75 STATE EMPLOYEES & PUBLIC EMPLOYEES OPPOSED TO PAYCHECK DECEPTION,LONG BEACH POLICE OFFICERS ASSOCIATION,Non-Individual,Police unions & associations,Public Sector Unions,Labor,NA,1,5000
CA,2005,NO ON 75 STATE EMPLOYEES & PUBLIC EMPLOYEES OPPOSED TO PAYCHECK DECEPTION,LOS ANGELES POLICE PROTECTIVE LEAGUE,Non-Individual,Police unions & associations,Public Sector Unions,Labor,NA,1,5000
CA,2005,NO ON 75 STATE EMPLOYEES & PUBLIC EMPLOYEES OPPOSED TO PAYCHECK DECEPTION,DEPUTY SHERIFFS ASSOCIATION OF SAN DIEGO COUNTY,Non-Individual,Police unions & associations,Public Sector Unions,Labor,NA,1,5000
CA,2005,NO ON 75 STATE EMPLOYEES & PUBLIC EMPLOYEES OPPOSED TO PAYCHECK DECEPTION,CALIFORNIA STATE LODGE FRATERNAL ORDER OF POLICE,Non-Individual,Police unions & associations,Public Sector Unions,Labor,FRATERNAL ORDER OF POLICE ASSOCIATES / FOP,1,5000
CA,2006,CAMPAIGN FOR CHILD SAFTETY 2006 JESSICAS LAW YES ON 83,CALIFORNIA ORGANIZATION OF POLICE & SHERIFFS,Non-Individual,Police unions & associations,Public Sector Unions,Labor,NA,1,5000
CA,2008,PEOPLE AGAINST THE PROPOSITION 5 DECEPTION,LONG BEACH POLICE OFFICERS ASSOCIATION,Non-Individual,Police unions & associations,Public Sector Unions,Labor,NA,1,5000
CA,2008,PEOPLE AGAINST THE PROPOSITION 5 DECEPTION,CALIFORNIA POLICE CHIEFS ASSOCIATION,Non-Individual,Police unions & associations,Public Sector Unions,Labor,NA,1,5000
CA,2008,SAFE NEIGHBORHOODS ACT: YES ON PROPOSITION 6,LONG BEACH POLICE OFFICERS ASSOCIATION,Non-Individual,Police unions & associations,Public Sector Unions,Labor,NA,1,5000
CA,2008,COALITION TO PROTECT CALIFORNIAS BUDGET & ECONOMY,PEACE OFFICERS RESEARCH ASSOCIATION OF CALIFORNIA,Non-Individual,Police unions & associations,Public Sector Unions,Labor,NA,4,5000
CA,2010,PUBLIC SAFETY FIRST - NO ON PROPOSITION 19,PEACE OFFICERS RESEARCH ASSOCIATION OF CALIFORNIA,Non-Individual,Police unions & associations,Public Sector Unions,Labor,NA,1,5000
CA,2010,PUBLIC SAFETY FIRST - NO ON PROPOSITION 19,LOS ANGELES COUNTY PROFESSIONAL PEACE OFFICERS ASSOCIATION,Non-Individual,Police unions & associations,Public Sector Unions,Labor,NA,1,5000
CA,2010,PUBLIC SAFETY FIRST - NO ON PROPOSITION 19,ASSOCIATION OF ORANGE COUNTY DEPUTY SHERIFFS,Non-Individual,Police unions & associations,Public Sector Unions,Labor,NA,1,5000
CA,2010,PUBLIC SAFETY FIRST - NO ON PROPOSITION 19,PEACE OFFICERS ASSOCIATION OF LOS ANGELES COUNTY,Non-Individual,Police unions & associations,Public Sector Unions,Labor,NA,1,5000
CA,2012,ALLIANCE FOR A BETTER CALIFORNIA,LOS ANGELES SCHOOL POLICE MANAGEMENT ASSOCIATION,Non-Individual,Police unions & associations,Public Sector Unions,Labor,NA,1,5000
CA,2012,ALLIANCE FOR A BETTER CALIFORNIA,ANAHEIM POLICE OFFICERS ASSOCIATION,Non-Individual,Police unions & associations,Public Sector Unions,Labor,NA,1,5000
CA,2012,ALLIANCE FOR A BETTER CALIFORNIA,ONTARIO POLICE OFFICERS ASSOCIATION,Non-Individual,Police unions & associations,Public Sector Unions,Labor,NA,1,5000
CA,2012,CALIFORNIANS AGAINST SEXUAL EXPLOITATION,LOS ANGELES COUNTY PROFESSIONAL PEACE OFFICERS ASSOCIATION,Non-Individual,Police unions & associations,Public Sector Unions,Labor,NA,1,5000
CA,2012,WORKING CALIFORNIANS TO OPPOSE PROP 32,LOS ANGELES POLICE PROTECTIVE LEAGUE,Non-Individual,Police unions & associations,Public Sector Unions,Labor,NA,1,5000
CA,2012,CALIFORNIANS FOR DEATH PENALTY REFORM & SAVINGS FKA CALIFORNIANS FOR JUSTICE & PUBLIC SAFETY,LOS ANGELES COUNTY PROFESSIONAL PEACE OFFICERS ASSOCIATION,Non-Individual,Police unions & associations,Public Sector Unions,Labor,NA,1,5000
CA,2012,CALIFORNIANS FOR DEATH PENALTY REFORM & SAVINGS FKA CALIFORNIANS FOR JUSTICE & PUBLIC SAFETY,CALIFORNIA STATEWIDE LAW ENFORCEMENT ASSOCIATION,Non-Individual,Police unions & associations,Public Sector Unions,Labor,NA,1,5000
CA,2012,CALIFORNIANS FOR DEATH PENALTY REFORM & SAVINGS FKA CALIFORNIANS FOR JUSTICE & PUBLIC SAFETY,LONG BEACH POLICE OFFICERS ASSOCIATION,Non-Individual,Police unions & associations,Public Sector Unions,Labor,NA,1,5000
CA,2012,CALIFORNIANS FOR DEATH PENALTY REFORM & SAVINGS FKA CALIFORNIANS FOR JUSTICE & PUBLIC SAFETY,SAN BERNARDINO COUNTY SAFETY EMPLOYEES ASSOCIATION,Non-Individual,Police unions & associations,Public Sector Unions,Labor,NA,1,5000
CA,2012,CALIFORNIANS FOR DEATH PENALTY REFORM & SAVINGS FKA CALIFORNIANS FOR JUSTICE & PUBLIC SAFETY,SACRAMENTO POLICE OFFICERS ASSOCIATION,Non-Individual,Police unions & associations,Public Sector Unions,Labor,NA,1,5000
CA,2014,"CALIFORNIANS AGAINST PROP. 47, SPONSORED BY CALIFORNIA PUBLIC SAFETY INSTITUTE",LOS ANGELES COUNTY PROFESSIONAL PEACE OFFICERS ASSOCIATION,Non-Individual,Police unions & associations,Public Sector Unions,Labor,NA,1,5000
CA,2014,"CALIFORNIANS AGAINST PROP. 47, SPONSORED BY CALIFORNIA PUBLIC SAFETY INSTITUTE",ASSOCIATION FOR LOS ANGELES DEPUTY SHERIFFS,Non-Individual,Police unions & associations,Public Sector Unions,Labor,NA,1,5000
CA,2014,"CALIFORNIANS AGAINST PROP. 47, SPONSORED BY CALIFORNIA PUBLIC SAFETY INSTITUTE",SACRAMENTO COUNTY DEPUTY SHERIFFS ASSOCIATION,Non-Individual,Police unions & associations,Public Sector Unions,Labor,NA,1,5000
CA,2014,"CALIFORNIANS AGAINST PROP. 47, SPONSORED BY CALIFORNIA PUBLIC SAFETY INSTITUTE",CALIFORNIA POLICE CHIEFS ASSOCIATION,Non-Individual,Police unions & associations,Public Sector Unions,Labor,NA,1,5000
CA,2014,"CALIFORNIANS AGAINST PROP. 47, SPONSORED BY CALIFORNIA PUBLIC SAFETY INSTITUTE",KERN LAW ENFORCEMENT ASSOCIATION,Non-Individual,Police unions & associations,Public Sector Unions,Labor,NA,1,5000
CA,2016,CALIFORNIANS FOR DEATH PENALTY REFORM & SAVINGS FKA CALIFORNIANS FOR JUSTICE & PUBLIC SAFETY,GLENDALE POLICE OFFICERS ASSOCIATION,Non-Individual,Police unions & associations,Public Sector Unions,Labor,NA,1,5000
CA,2016,CALIFORNIANS FOR DEATH PENALTY REFORM & SAVINGS FKA CALIFORNIANS FOR JUSTICE & PUBLIC SAFETY,POMONA POLICE OFFICERS ASSOCIATION,Non-Individual,Police unions & associations,Public Sector Unions,Labor,NA,1,5000
CA,2016,"COALITION FOR RESPONSIBLE DRUG POLICIES, SPONSORED BY CALIFORNIA PUBLIC SAFETY INSTITUTE",RIVERSIDE SHERIFFS ASSOCIATION,Non-Individual,Police unions & associations,Public Sector Unions,Labor,NA,1,5000
CA,2016,NO ON 57 - STOP EARLY RELEASE OF VIOLENT CRIMINALS (SERVC),PEACE OFFICERS RESEARCH ASSOCIATION OF CALIFORNIA,Non-Individual,Police unions & associations,Public Sector Unions,Labor,NA,1,5000
CA,2016,NO ON 57 - STOP EARLY RELEASE OF VIOLENT CRIMINALS (SERVC),SAN DIEGO POLICE OFFICERS ASSOCIATION,Non-Individual,Police unions & associations,Public Sector Unions,Labor,NA,1,5000
CA,2018,"LOW BALLOT MEASURE COMMITTEE: COMMITTEE TO INNOVATE FOR CALIFORNIA\'S FUTURE, EVAN",PEACE OFFICERS RESEARCH ASSOCIATION OF CALIFORNIA,Non-Individual,Police unions & associations,Public Sector Unions,Labor,NA,1,5000
CO,2010,COLORADANS FOR RESPONSIBLE REFORM,FRATERNAL ORDER OF POLICE ARVADA,Non-Individual,Police unions & associations,Public Sector Unions,Labor,NA,1,5000
IL,2008,ALLIANCE TO PROTECT THE ILLINOIS CONSTITUTION,POLICEMENS BENEVOLENT & PROTECTIVE ASSOCIATION OF ILLINOIS,Non-Individual,Police unions & associations,Public Sector Unions,Labor,NA,1,5000
IL,2012,WE ARE ONE,POLICEMENS BENEVOLENT & PROTECTIVE ASSOCIATION OF ILLINOIS,Non-Individual,Police unions & associations,Public Sector Unions,Labor,NA,1,5000
IL,2012,WE ARE ONE,ILLINOIS FRATERNAL ORDER OF POLICE LABOR COUNCIL,Non-Individual,Police unions & associations,Public Sector Unions,Labor,NA,1,5000
MA,2008,COALITION FOR OUR COMMUNITIES,STATE POLICE ASSOCIATION OF MASSACHUSETTS,Non-Individual,Police unions & associations,Public Sector Unions,Labor,NA,1,5000
MI,2012,STAND UP FOR DEMOCRACY,DETROIT POLICE LIEUTENANTS & SERGEANTS ASSOCIATION,Non-Individual,Police unions & associations,Public Sector Unions,Labor,NA,1,5000
OK,2018,SQ 788 IS NOT MEDICAL,FRATERNAL ORDER OF POLICE LODGE 123,Non-Individual,Police unions & associations,Public Sector Unions,Labor,FRATERNAL ORDER OF POLICE ASSOCIATES / FOP,1,5000
WA,2018,COALITION FOR A SAFER WA,SAN FRANCISCO POLICE OFFICERS ASSOCIATION LOCAL 9,Non-Individual,Police unions & associations,Public Sector Unions,Labor,SERVICE EMPLOYEES INTERNATIONAL UNION / SEIU,1,5000
WA,2018,COALITION FOR A SAFER WA,NEW YORK CITY SERGEANTS BENEVOLENT ASSOCIATION,Non-Individual,Police unions & associations,Public Sector Unions,Labor,NA,1,5000
WA,2018,COALITION FOR A SAFER WA,LAS VEGAS POLICE PROTECTIVE ASSOCIATION CIVILIAN EMPLOYEES,Non-Individual,Police unions & associations,Public Sector Unions,Labor,NA,1,5000
CA,2012,ALLIANCE FOR A BETTER CALIFORNIA,NEWPORT BEACH POLICE ASSOCIATION INC,Non-Individual,Police unions & associations,Public Sector Unions,Labor,NA,1,4999
CA,2014,"CALIFORNIANS AGAINST PROP. 47, SPONSORED BY CALIFORNIA PUBLIC SAFETY INSTITUTE",CALIF PEACE OFFICERS ASSOCIATION,Non-Individual,Police unions & associations,Public Sector Unions,Labor,NA,1,4500
CA,2008,YES ON 6 CMTE TO TAKE BACK OUR NEIGHBORHOODS,HONORARY DEPUTY SHERIFFS ASSOCIATION,Non-Individual,Police unions & associations,Public Sector Unions,Labor,NA,1,4000
CA,2016,CALIFORNIANS FOR DEATH PENALTY REFORM & SAVINGS FKA CALIFORNIANS FOR JUSTICE & PUBLIC SAFETY,HUNTINGTON BEACH POLICE OFFICERS ASSOCIATION,Non-Individual,Police unions & associations,Public Sector Unions,Labor,NA,1,4000
CA,2012,CALIFORNIANS AGAINST SEXUAL EXPLOITATION,SACRAMENTO COUNTY DEPUTY SHERIFFS ASSOCIATION,Non-Individual,Police unions & associations,Public Sector Unions,Labor,NA,4,3529.54
CA,2016,CALIFORNIANS FOR DEATH PENALTY REFORM & SAVINGS FKA CALIFORNIANS FOR JUSTICE & PUBLIC SAFETY,FRESNO POLICE OFFICERS ASSOCIATION,Non-Individual,Police unions & associations,Public Sector Unions,Labor,FPOA,1,3500
CA,2006,"REBUILDING CALIFORNIA, YES ON PROPOSITIONS 1A, 1B, 1C, 1D & 1E",CALIFORNIA UNION OF SAFETY EMPLOYEES,Non-Individual,Emergency responder unions and associations,Public Sector Unions,Labor,NA,1,3300
CA,2005,NO ON 75 ORGANIZATIONS OPPOSED TO PAYCHECK DECEPTION,LONG BEACH POLICE OFFICERS ASSOCIATION,Non-Individual,Police unions & associations,Public Sector Unions,Labor,NA,3,3196.69
CA,2008,YES ON PROPOSITION 9 - MARSYS LAW: THE CRIME VICTIMS BILL ON RIGHTS ACT,PEACE OFFICERS RESEARCH ASSOCIATION OF CALIFORNIA,Non-Individual,Police unions & associations,Public Sector Unions,Labor,NA,1,3000
CA,2010,PUBLIC SAFETY FIRST - NO ON PROPOSITION 19,CALIFORNIA ASSOCIATION OF HIGHWAY PATROLMEN,Non-Individual,Police unions & associations,Public Sector Unions,Labor,NA,1,3000
NE,2006,NEBRASKANS AGAINST 423,STATE TROOPERS ASSOCIATION OF NEBRASKA,Non-Individual,Police unions & associations,Public Sector Unions,Labor,NA,1,3000
OR,2006,DEFEND OREGON,OREGON STATE POLICE OFFICERS ASSOCIATION,Non-Individual,Police unions & associations,Public Sector Unions,Labor,NA,1,3000
OH,2011,WE ARE OHIO,TOLEDO POLICE COMMAND OFFICERS ASSOCIATION,Non-Individual,Police unions & associations,Public Sector Unions,Labor,NA,1,2600
CA,2003,CALIFORNIANS AGAINST THE COSTLY RECALL OF THE GOVERNOR,SAN FRANCISCO POLICE OFFICERS ASSOCIATION LOCAL 9,Non-Individual,Police unions & associations,Public Sector Unions,Labor,SERVICE EMPLOYEES INTERNATIONAL UNION / SEIU,1,2500
CA,2004,YES ON 1A CALIFORNIANS TO PROTECT LOCAL TAXPAYERS & PUBLIC SAFETY,SANTA BARBARA POLICE OFFICERS ASSOCIATION,Non-Individual,Police unions & associations,Public Sector Unions,Labor,NA,1,2500
CA,2005,NO ON 75 ORGANIZATIONS OPPOSED TO PAYCHECK DECEPTION,SONOMA COUNTY LAW ENFORCEMENT ASSOCIATION,Non-Individual,Police unions & associations,Public Sector Unions,Labor,NA,1,2500
CA,2008,PEOPLE AGAINST THE PROPOSITION 5 DECEPTION,CALIF PEACE OFFICERS ASSOCIATION,Non-Individual,Police unions & associations,Public Sector Unions,Labor,NA,1,2500
CA,2008,COALITION TO PROTECT CALIFORNIAS BUDGET & ECONOMY,SAN BERNARDINO COUNTY SAFETY EMPLOYEES ASSOCIATION,Non-Individual,Police unions & associations,Public Sector Unions,Labor,NA,1,2500
CA,2010,"STOPPROP15.COM,",LOS ANGELES POLICE PROTECTIVE LEAGUE,Non-Individual,Police unions & associations,Public Sector Unions,Labor,NA,1,2500
CA,2012,ALLIANCE FOR A BETTER CALIFORNIA,SAN FRANCISCO POLICE OFFICERS ASSOCIATION LOCAL 9,Non-Individual,Police unions & associations,Public Sector Unions,Labor,SERVICE EMPLOYEES INTERNATIONAL UNION / SEIU,1,2500
CA,2012,SAVE 3 STRIKES,FRESNO POLICE OFFICERS ASSOCIATION,Non-Individual,Police unions & associations,Public Sector Unions,Labor,FPOA,1,2500
CA,2012,CALIFORNIANS FOR DEATH PENALTY REFORM & SAVINGS FKA CALIFORNIANS FOR JUSTICE & PUBLIC SAFETY,ASSOCIATION OF ORANGE COUNTY DEPUTY SHERIFFS,Non-Individual,Police unions & associations,Public Sector Unions,Labor,NA,1,2500
CA,2012,CALIFORNIANS FOR DEATH PENALTY REFORM & SAVINGS FKA CALIFORNIANS FOR JUSTICE & PUBLIC SAFETY,PALM SPRINGS POLICE OFFICERS ASSOCIATION,Non-Individual,Police unions & associations,Public Sector Unions,Labor,NA,1,2500
CA,2014,"CALIFORNIANS AGAINST PROP. 47, SPONSORED BY CALIFORNIA PUBLIC SAFETY INSTITUTE",BAKERSFIELD POLICE OFFICERS ASSOCIATION,Non-Individual,Police unions & associations,Public Sector Unions,Labor,NA,1,2500
CA,2016,NO ON 57 - STOP EARLY RELEASE OF VIOLENT CRIMINALS (SERVC),DEPUTY SHERIFFS ASSOCIATION OF SAN DIEGO COUNTY,Non-Individual,Police unions & associations,Public Sector Unions,Labor,NA,1,2500
CA,2016,NO ON 57 - STOP EARLY RELEASE OF VIOLENT CRIMINALS (SERVC),BAKERSFIELD POLICE OFFICERS ASSOCIATION,Non-Individual,Police unions & associations,Public Sector Unions,Labor,NA,1,2500
CA,2016,NO ON 57 - STOP EARLY RELEASE OF VIOLENT CRIMINALS (SERVC),KERN LAW ENFORCEMENT ASSOCIATION,Non-Individual,Police unions & associations,Public Sector Unions,Labor,NA,1,2500
MD,2012,MARYLANDERS FOR MARRIAGE EQUALITY,BALTIMORE CITY FRATERNAL ORDER OF POLICE LODGE 3,Non-Individual,Police unions & associations,Public Sector Unions,Labor,FRATERNAL ORDER OF POLICE ASSOCIATES / FOP,2,2500
WA,2009,NO ON I-1033 CMTE,WASHINGTON STATE PATROL TROOPERS ASSOCIATION,Non-Individual,Police unions & associations,Public Sector Unions,Labor,NA,1,2500
CA,2014,PATIENTS PROVIDERS & HEALTHCARE INSURERS TO PROTECT ACCESS & CONTAIN HEALTH COSTS,ASSOCIATION OF ORANGE COUNTY DEPUTY SHERIFFS,Non-Individual,Police unions & associations,Public Sector Unions,Labor,NA,1,2049.95
AZ,2010,YES ON 100,ARIZONA STATE LODGE FRATERNAL ORDER OF POLICE,Non-Individual,Police unions & associations,Public Sector Unions,Labor,NA,1,2000
CA,2004,CALIFORNIANS FOR THE DNA FINGERPRINT,ASSOCIATION OF ORANGE COUNTY DEPUTY SHERIFFS,Non-Individual,Police unions & associations,Public Sector Unions,Labor,NA,1,2000
CA,2012,CALIFORNIANS FOR DEATH PENALTY REFORM & SAVINGS FKA CALIFORNIANS FOR JUSTICE & PUBLIC SAFETY,BAKERSFIELD POLICE OFFICERS ASSOCIATION,Non-Individual,Police unions & associations,Public Sector Unions,Labor,NA,2,2000
CA,2012,CALIFORNIANS FOR DEATH PENALTY REFORM & SAVINGS FKA CALIFORNIANS FOR JUSTICE & PUBLIC SAFETY,INGLEWOOD POLICE OFFICERS ASSOCIATION,Non-Individual,Police unions & associations,Public Sector Unions,Labor,NA,1,2000
CA,2016,CALIFORNIANS FOR DEATH PENALTY REFORM & SAVINGS FKA CALIFORNIANS FOR JUSTICE & PUBLIC SAFETY,CORONA POLICE OFFICERS ASSOCIATION,Non-Individual,Police unions & associations,Public Sector Unions,Labor,NA,1,2000
CA,2016,CALIFORNIANS FOR DEATH PENALTY REFORM & SAVINGS FKA CALIFORNIANS FOR JUSTICE & PUBLIC SAFETY,TULARE COUNTY DEPUTY SHERIFFS ASSOCIATION,Non-Individual,Police unions & associations,Public Sector Unions,Labor,NA,1,2000
CA,2016,CALIFORNIANS FOR DEATH PENALTY REFORM & SAVINGS FKA CALIFORNIANS FOR JUSTICE & PUBLIC SAFETY,OXNARD PEACE OFFICERS ASSOCIATION,Non-Individual,Police unions & associations,Public Sector Unions,Labor,NA,1,2000
CA,2016,NO ON 57 - STOP EARLY RELEASE OF VIOLENT CRIMINALS (SERVC),OXNARD PEACE OFFICERS ASSOCIATION,Non-Individual,Police unions & associations,Public Sector Unions,Labor,NA,1,2000
OH,2011,WE ARE OHIO,FRATERNAL ORDER OF POLICE LODGE 97,Non-Individual,Police unions & associations,Public Sector Unions,Labor,NA,1,1500.76
CA,2012,ALLIANCE FOR A BETTER CALIFORNIA,SAN DIEGO POLICE OFFICERS ASSOCIATION,Non-Individual,Police unions & associations,Public Sector Unions,Labor,NA,1,1500
NE,2006,YES FOR AMENDMENT 1,STATE TROOPERS ASSOCIATION OF NEBRASKA,Non-Individual,Police unions & associations,Public Sector Unions,Labor,NA,1,1500
AZ,2002,BATTLEGROUND ARIZONA,ARIZONA STATE LODGE FRATERNAL ORDER OF POLICE,Non-Individual,Police unions & associations,Public Sector Unions,Labor,NA,1,1000
CA,2004,YES ON 1A CALIFORNIANS TO PROTECT LOCAL TAXPAYERS & PUBLIC SAFETY,FAIRFIELD POLICE OFFICERS ASSOCIATION,Non-Individual,Police unions & associations,Public Sector Unions,Labor,NA,1,1000
CA,2008,PEOPLE AGAINST THE PROPOSITION 5 DECEPTION,SACRAMENTO COUNTY DEPUTY SHERIFFS ASSOCIATION,Non-Individual,Police unions & associations,Public Sector Unions,Labor,NA,1,1000
CA,2008,YES ON 6 CMTE TO TAKE BACK OUR NEIGHBORHOODS,SAN RAFAEL POLICE OFFICERS ASSOCIATION,Non-Individual,Police unions & associations,Public Sector Unions,Labor,NA,1,1000
CA,2008,YES ON 6 CMTE TO TAKE BACK OUR NEIGHBORHOODS,SONOMA COUNTY DEPUTY SHERIFFS ASSOCIATION,Non-Individual,Police unions & associations,Public Sector Unions,Labor,NA,1,1000
CA,2010,PUBLIC SAFETY FIRST - NO ON PROPOSITION 19,PLACER COUNTY DEPUTY SHERIFFS ASSOCIATION,Non-Individual,Police unions & associations,Public Sector Unions,Labor,NA,1,1000
CA,2012,ALLIANCE FOR A BETTER CALIFORNIA,BART POLICE OFFICERS ASSOCIATION,Non-Individual,Police unions & associations,Public Sector Unions,Labor,NA,1,1000
CA,2012,CALIFORNIANS AGAINST SEXUAL EXPLOITATION,CALIFORNIA STATEWIDE LAW ENFORCEMENT ASSOCIATION,Non-Individual,Police unions & associations,Public Sector Unions,Labor,NA,1,1000
CA,2012,CALIFORNIANS AGAINST SEXUAL EXPLOITATION,RIVERSIDE SHERIFFS ASSOCIATION,Non-Individual,Police unions & associations,Public Sector Unions,Labor,NA,1,1000
CA,2012,CALIFORNIANS FOR DEATH PENALTY REFORM & SAVINGS FKA CALIFORNIANS FOR JUSTICE & PUBLIC SAFETY,CONTRA COSTA COUNTY DEPUTY SHERIFFS ASSOCIATION,Non-Individual,Police unions & associations,Public Sector Unions,Labor,NA,1,1000
CA,2012,CALIFORNIANS FOR DEATH PENALTY REFORM & SAVINGS FKA CALIFORNIANS FOR JUSTICE & PUBLIC SAFETY,OAKLAND POLICE OFFICERS ASSOCIATION,Non-Individual,Police unions & associations,Public Sector Unions,Labor,NA,1,1000
CA,2012,CALIFORNIANS FOR DEATH PENALTY REFORM & SAVINGS FKA CALIFORNIANS FOR JUSTICE & PUBLIC SAFETY,CORONA POLICE OFFICERS ASSOCIATION,Non-Individual,Police unions & associations,Public Sector Unions,Labor,NA,1,1000
CA,2012,CALIFORNIANS FOR DEATH PENALTY REFORM & SAVINGS FKA CALIFORNIANS FOR JUSTICE & PUBLIC SAFETY,RICHMOND POLICE OFFICERS ASSOCIATION,Non-Individual,Police unions & associations,Public Sector Unions,Labor,NA,1,1000
CA,2012,CALIFORNIANS FOR DEATH PENALTY REFORM & SAVINGS FKA CALIFORNIANS FOR JUSTICE & PUBLIC SAFETY,KERN LAW ENFORCEMENT ASSOCIATION,Non-Individual,Police unions & associations,Public Sector Unions,Labor,NA,1,1000
CA,2012,CALIFORNIANS FOR DEATH PENALTY REFORM & SAVINGS FKA CALIFORNIANS FOR JUSTICE & PUBLIC SAFETY,SOUTHERN CALIFORNIA ALLIANCE OF LAW ENFORCEMENT,Non-Individual,Police unions & associations,Public Sector Unions,Labor,NA,1,1000
CA,2012,CALIFORNIANS FOR DEATH PENALTY REFORM & SAVINGS FKA CALIFORNIANS FOR JUSTICE & PUBLIC SAFETY,CALIFORNIA COALITION OF LAW ENFORCEMENT ASSOCIATIONS,Non-Individual,Police unions & associations,Public Sector Unions,Labor,NA,1,1000
CA,2016,CALIFORNIANS FOR DEATH PENALTY REFORM & SAVINGS FKA CALIFORNIANS FOR JUSTICE & PUBLIC SAFETY,SACRAMENTO POLICE OFFICERS ASSOCIATION,Non-Individual,Police unions & associations,Public Sector Unions,Labor,NA,1,1000
CA,2016,CALIFORNIANS FOR DEATH PENALTY REFORM & SAVINGS FKA CALIFORNIANS FOR JUSTICE & PUBLIC SAFETY,ANAHEIM POLICE OFFICERS ASSOCIATION,Non-Individual,Police unions & associations,Public Sector Unions,Labor,NA,1,1000
CA,2016,"COALITION FOR RESPONSIBLE DRUG POLICIES, SPONSORED BY CALIFORNIA PUBLIC SAFETY INSTITUTE",LAW ENFORCEMENT MANAGERS ASSOCIATION,Non-Individual,Police unions & associations,Public Sector Unions,Labor,NA,1,1000
CA,2016,NO ON 57 - STOP EARLY RELEASE OF VIOLENT CRIMINALS (SERVC),STOCKTON POLICE OFFICERS ASSOCIATION,Non-Individual,Police unions & associations,Public Sector Unions,Labor,NA,1,1000
CA,2016,NO ON 57 - STOP EARLY RELEASE OF VIOLENT CRIMINALS (SERVC),GLENDALE POLICE OFFICERS ASSOCIATION,Non-Individual,Police unions & associations,Public Sector Unions,Labor,NA,1,1000
CO,2008,PROTECT COLORADOS FUTURE,COLORADO STATE LODGE FRATERNAL ORDER OF POLICE,Non-Individual,Police unions & associations,Public Sector Unions,Labor,NA,1,1000
CO,2010,COLORADANS FOR RESPONSIBLE REFORM,GREELEY POLICE OFFICERS ASSOCIATION,Non-Individual,Police unions & associations,Public Sector Unions,Labor,NA,1,1000
CO,2012,SMART COLORADO,COLORADO STATE LODGE FRATERNAL ORDER OF POLICE,Non-Individual,Police unions & associations,Public Sector Unions,Labor,NA,1,1000
HI,2004,VICTIMS VOICE,STATE OF HAWAII ORGANIZATION OF POLICE OFFICERS,Non-Individual,Police unions & associations,Public Sector Unions,Labor,NA,1,1000
MA,2010,MA COALITION FOR OUR COMMUNITIES,MASSACHUSETTS COALITION OF POLICE,Non-Individual,Police unions & associations,Public Sector Unions,Labor,NA,1,1000
ME,2004,CITIZENS UNITED TO PROTECT OUR PUBLIC SAFETY SCHOOLS & COMMUNITIES,BATH POLICE BENEVOLENT ASSOCIATION,Non-Individual,Police unions & associations,Public Sector Unions,Labor,NA,1,1000
CA,2004,YES ON 1A CALIFORNIANS TO PROTECT LOCAL TAXPAYERS & PUBLIC SAFETY,ONTARIO POLICE OFFICERS ASSOCIATION,Non-Individual,Police unions & associations,Public Sector Unions,Labor,NA,1,999.99
OH,2011,WE ARE OHIO,TROOPERS FOR A SAFER OHIO,Non-Individual,Police unions & associations,Public Sector Unions,Labor,NA,1,973.91
CA,2004,YES ON 72 SAVE YOUR HEALTHCARE,SANTA CLARA COUNTY PROBATION PEACE OFFICERS LOCAL 1587,Non-Individual,Police unions & associations,Public Sector Unions,Labor,NA,1,860
AK,2014,ALASKANS FOR A FAIR MINIMUM WAGE,PUBLIC SAFETY EMPLOYEE ASSOCIATION,Non-Individual,Police unions & associations,Public Sector Unions,Labor,NA,2,750
CA,2004,YES ON 1A CALIFORNIANS TO PROTECT LOCAL TAXPAYERS & PUBLIC SAFETY,PIEDMONT POLICE ASSOCIATION,Non-Individual,Police unions & associations,Public Sector Unions,Labor,NA,1,750
OH,2011,WE ARE OHIO,TOLEDO POLICE PATROLMANS ASSOCIATION LOCAL 10,Non-Individual,Police unions & associations,Public Sector Unions,Labor,NA,1,600
AK,2004,GREATER FAIRBANKS CHAMBER OF COMMERCE,ALASKA PEACE OFFICERS ASSOCIATION,Non-Individual,Police unions & associations,Public Sector Unions,Labor,NA,1,500
AZ,2002,YES ON BAIL REFORM,ASSOCIATED HIGHWAY PATROLMEN OF ARIZONA,Non-Individual,Police unions & associations,Public Sector Unions,Labor,AHPA,1,500
CA,2004,YES ON 1A CALIFORNIANS TO PROTECT LOCAL TAXPAYERS & PUBLIC SAFETY,BURLINGAME POLICE OFFICERS ASSOCIATION,Non-Individual,Police unions & associations,Public Sector Unions,Labor,NA,1,500
CA,2005,ALLIANCE FOR A BETTER CALIFORNIA,FRESNO POLICE OFFICERS ASSOCIATION,Non-Individual,Police unions & associations,Public Sector Unions,Labor,FPOA,1,500
CA,2006,YES ON 1D,SAN FRANCISCO DEPUTY SHERIFFS ASSOCIATION,Non-Individual,Police unions & associations,Public Sector Unions,Labor,NA,1,500
CA,2008,PEOPLE AGAINST THE PROPOSITION 5 DECEPTION,CHULA VISTA POLICE RELIEF ASSOCIATION,Non-Individual,Police unions & associations,Public Sector Unions,Labor,NA,1,500
CA,2012,ALLIANCE FOR A BETTER CALIFORNIA,FRATERNAL ORDER OF POLICE LODGE 12,Non-Individual,Police unions & associations,Public Sector Unions,Labor,NA,1,500
CA,2012,ALLIANCE FOR A BETTER CALIFORNIA,SAN DIEGO COUNTY FRATERNAL ORDER OF POLICE LODGE 10,Non-Individual,Police unions & associations,Public Sector Unions,Labor,NA,1,500
CA,2012,ALLIANCE FOR A BETTER CALIFORNIA,FRATERNAL ORDER OF POLICE #5,Non-Individual,Police unions & associations,Public Sector Unions,Labor,NA,1,500
CA,2012,CALIFORNIANS AGAINST SEXUAL EXPLOITATION,SAN DIEGO POLICE OFFICERS ASSOCIATION,Non-Individual,Police unions & associations,Public Sector Unions,Labor,NA,1,500
CA,2012,CALIFORNIANS AGAINST SEXUAL EXPLOITATION,SACRAMENTO POLICE OFFICERS ASSOCIATION,Non-Individual,Police unions & associations,Public Sector Unions,Labor,NA,1,500
CA,2012,CALIFORNIANS FOR DEATH PENALTY REFORM & SAVINGS FKA CALIFORNIANS FOR JUSTICE & PUBLIC SAFETY,EL SEGUNDO POLICE OFFICERS ASSOCIATION,Non-Individual,Police unions & associations,Public Sector Unions,Labor,NA,1,500
CA,2012,CALIFORNIANS FOR DEATH PENALTY REFORM & SAVINGS FKA CALIFORNIANS FOR JUSTICE & PUBLIC SAFETY,BART POLICE OFFICERS ASSOCIATION,Non-Individual,Police unions & associations,Public Sector Unions,Labor,NA,1,500
CA,2012,CALIFORNIANS FOR DEATH PENALTY REFORM & SAVINGS FKA CALIFORNIANS FOR JUSTICE & PUBLIC SAFETY,GLENDALE POLICE OFFICERS ASSOCIATION,Non-Individual,Police unions & associations,Public Sector Unions,Labor,NA,1,500
CA,2012,CALIFORNIANS FOR DEATH PENALTY REFORM & SAVINGS FKA CALIFORNIANS FOR JUSTICE & PUBLIC SAFETY,PLACER COUNTY DEPUTY SHERIFFS ASSOCIATION,Non-Individual,Police unions & associations,Public Sector Unions,Labor,NA,1,500
CA,2012,CALIFORNIANS FOR DEATH PENALTY REFORM & SAVINGS FKA CALIFORNIANS FOR JUSTICE & PUBLIC SAFETY,OCEANSIDE POLICE OFFICERS ASSOCIATION,Non-Individual,Police unions & associations,Public Sector Unions,Labor,NA,1,500
CA,2012,CALIFORNIANS FOR DEATH PENALTY REFORM & SAVINGS FKA CALIFORNIANS FOR JUSTICE & PUBLIC SAFETY,LA VERNE POLICE OFFICERS ASSOCIATION,Non-Individual,Police unions & associations,Public Sector Unions,Labor,NA,1,500
CA,2016,CALIFORNIANS FOR DEATH PENALTY REFORM & SAVINGS FKA CALIFORNIANS FOR JUSTICE & PUBLIC SAFETY,CONCORD POLICE ASSOCIATION,Non-Individual,Police unions & associations,Public Sector Unions,Labor,NA,1,500
CO,2008,PROTECT COLORADOS FUTURE,LAKEWOOD POLICE LOCAL 303,Non-Individual,Police unions & associations,Public Sector Unions,Labor,NA,1,500
CO,2008,PROTECT COLORADOS FUTURE,COLORADO FRATERNAL ORDER OF POLICE LODGE 1,Non-Individual,Police unions & associations,Public Sector Unions,Labor,FRATERNAL ORDER OF POLICE ASSOCIATES / FOP,1,500
CO,2010,CITIZENS FOR EFFECTIVE GOVERNMENT,COLORADO SPRINGS POLICE PROTECTION ASSOCIATION,Non-Individual,Police unions & associations,Public Sector Unions,Labor,NA,1,500
MA,2012,VOTE NO ON QUESTION 3,MIDDLESEX COUNTY CHIEFS OF POLICE ASSOCIATION,Non-Individual,Police unions & associations,Public Sector Unions,Labor,NA,1,500
OR,2003,YES ON 28 CMTE,OREGON STATE POLICE OFFICERS ASSOCIATION,Non-Individual,Police unions & associations,Public Sector Unions,Labor,NA,1,500
OH,2011,WE ARE OHIO,OHIO VALLEY FRATERNAL ORDER OF POLICE LODGE 112,Non-Individual,Police unions & associations,Public Sector Unions,Labor,NA,8,495.23
CO,2012,SMART COLORADO,AURORA POLICE ASSOCIATION,Non-Individual,Police unions & associations,Public Sector Unions,Labor,NA,1,420
CA,2006,CAMPAIGN FOR CHILD SAFTETY 2006 JESSICAS LAW YES ON 83,DEPUTY SHERIFFS ASSOCIATION OF SAN DIEGO COUNTY,Non-Individual,Police unions & associations,Public Sector Unions,Labor,NA,1,300
OH,2011,WE ARE OHIO,OHIO PATROLMENS BEVENOLENT ASSOCIATION,Non-Individual,Police unions & associations,Public Sector Unions,Labor,NA,1,261.2
CA,2004,YES ON 1A CALIFORNIANS TO PROTECT LOCAL TAXPAYERS & PUBLIC SAFETY,ATASCADERO POLICE ASSOCIATION,Non-Individual,Police unions & associations,Public Sector Unions,Labor,NA,1,250
CA,2012,SOUTHERN CALIFORNIA ALLIANCE OF LAW ENFORCEMENT CMTE TO OPPOSE PROPS 32 & 34,ASSOCIATION FOR LOS ANGELES DEPUTY SHERIFFS,Non-Individual,Police unions & associations,Public Sector Unions,Labor,NA,1,250
CA,2012,SOUTHERN CALIFORNIA ALLIANCE OF LAW ENFORCEMENT CMTE TO OPPOSE PROPS 32 & 34,ASSOCIATION OF ORANGE COUNTY DEPUTY SHERIFFS,Non-Individual,Police unions & associations,Public Sector Unions,Labor,NA,1,250
CA,2012,SOUTHERN CALIFORNIA ALLIANCE OF LAW ENFORCEMENT CMTE TO OPPOSE PROPS 32 & 34,CALIFORNIA STATEWIDE LAW ENFORCEMENT ASSOCIATION,Non-Individual,Police unions & associations,Public Sector Unions,Labor,NA,1,250
CA,2012,SOUTHERN CALIFORNIA ALLIANCE OF LAW ENFORCEMENT CMTE TO OPPOSE PROPS 32 & 34,LONG BEACH POLICE OFFICERS ASSOCIATION,Non-Individual,Police unions & associations,Public Sector Unions,Labor,NA,1,250
CA,2012,SOUTHERN CALIFORNIA ALLIANCE OF LAW ENFORCEMENT CMTE TO OPPOSE PROPS 32 & 34,LOS ANGELES POLICE PROTECTIVE LEAGUE,Non-Individual,Police unions & associations,Public Sector Unions,Labor,NA,1,250
CA,2012,SOUTHERN CALIFORNIA ALLIANCE OF LAW ENFORCEMENT CMTE TO OPPOSE PROPS 32 & 34,SAN BERNARDINO COUNTY SAFETY EMPLOYEES ASSOCIATION,Non-Individual,Police unions & associations,Public Sector Unions,Labor,NA,1,250
CA,2012,SOUTHERN CALIFORNIA ALLIANCE OF LAW ENFORCEMENT CMTE TO OPPOSE PROPS 32 & 34,SANTA MONICA POLICE OFFICERS ASSOCIATION,Non-Individual,Police unions & associations,Public Sector Unions,Labor,NA,1,250
CA,2012,SOUTHERN CALIFORNIA ALLIANCE OF LAW ENFORCEMENT CMTE TO OPPOSE PROPS 32 & 34,LOS ANGELES SCHOOL POLICE MANAGEMENT ASSOCIATION,Non-Individual,Police unions & associations,Public Sector Unions,Labor,NA,1,250
CA,2012,SOUTHERN CALIFORNIA ALLIANCE OF LAW ENFORCEMENT CMTE TO OPPOSE PROPS 32 & 34,LOS ANGELES PORT POLICE ASSOCIATION,Non-Individual,Police unions & associations,Public Sector Unions,Labor,NA,1,250
CA,2012,SOUTHERN CALIFORNIA ALLIANCE OF LAW ENFORCEMENT CMTE TO OPPOSE PROPS 32 & 34,TORRANCE POLICE OFFICERS ASSOCIATION,Non-Individual,Police unions & associations,Public Sector Unions,Labor,NA,1,250
CA,2012,SOUTHERN CALIFORNIA ALLIANCE OF LAW ENFORCEMENT CMTE TO OPPOSE PROPS 32 & 34,RIVERSIDE POLICE OFFICERS ASSOCIATION,Non-Individual,Police unions & associations,Public Sector Unions,Labor,NA,1,250
CA,2012,SOUTHERN CALIFORNIA ALLIANCE OF LAW ENFORCEMENT CMTE TO OPPOSE PROPS 32 & 34,CORONA POLICE OFFICERS ASSOCIATION,Non-Individual,Police unions & associations,Public Sector Unions,Labor,NA,1,250
CA,2012,SOUTHERN CALIFORNIA ALLIANCE OF LAW ENFORCEMENT CMTE TO OPPOSE PROPS 32 & 34,DEPUTY SHERIFFS ASSOCIATION OF SAN DIEGO COUNTY,Non-Individual,Police unions & associations,Public Sector Unions,Labor,NA,1,250
CA,2012,SOUTHERN CALIFORNIA ALLIANCE OF LAW ENFORCEMENT CMTE TO OPPOSE PROPS 32 & 34,FULLERTON POLICE OFFICERS ASSOCIATION,Non-Individual,Police unions & associations,Public Sector Unions,Labor,NA,1,250
CA,2012,SOUTHERN CALIFORNIA ALLIANCE OF LAW ENFORCEMENT CMTE TO OPPOSE PROPS 32 & 34,GLENDALE POLICE OFFICERS ASSOCIATION,Non-Individual,Police unions & associations,Public Sector Unions,Labor,NA,1,250
CA,2012,SOUTHERN CALIFORNIA ALLIANCE OF LAW ENFORCEMENT CMTE TO OPPOSE PROPS 32 & 34,SANTA ANA POLICE OFFICERS ASSOCIATION,Non-Individual,Police unions & associations,Public Sector Unions,Labor,NA,1,250
CA,2012,SOUTHERN CALIFORNIA ALLIANCE OF LAW ENFORCEMENT CMTE TO OPPOSE PROPS 32 & 34,BUENA PARK POLICE ASSOCIATION,Non-Individual,Police unions & associations,Public Sector Unions,Labor,NA,1,250
CA,2012,SOUTHERN CALIFORNIA ALLIANCE OF LAW ENFORCEMENT CMTE TO OPPOSE PROPS 32 & 34,ANAHEIM POLICE OFFICERS ASSOCIATION,Non-Individual,Police unions & associations,Public Sector Unions,Labor,NA,1,250
CA,2012,SOUTHERN CALIFORNIA ALLIANCE OF LAW ENFORCEMENT CMTE TO OPPOSE PROPS 32 & 34,RIVERSIDE SHERIFFS ASSOCIATION,Non-Individual,Police unions & associations,Public Sector Unions,Labor,NA,1,250
CA,2012,SOUTHERN CALIFORNIA ALLIANCE OF LAW ENFORCEMENT CMTE TO OPPOSE PROPS 32 & 34,LA HABRA POLICE OFFICERS ASSOCIATION,Non-Individual,Police unions & associations,Public Sector Unions,Labor,NA,1,250
CA,2012,SOUTHERN CALIFORNIA ALLIANCE OF LAW ENFORCEMENT CMTE TO OPPOSE PROPS 32 & 34,HUNTINGTON BEACH POLICE OFFICERS ASSOCIATION,Non-Individual,Police unions & associations,Public Sector Unions,Labor,NA,1,250
CA,2012,SOUTHERN CALIFORNIA ALLIANCE OF LAW ENFORCEMENT CMTE TO OPPOSE PROPS 32 & 34,IRVINE POLICE ASSOCIATION,Non-Individual,Police unions & associations,Public Sector Unions,Labor,NA,1,250
CA,2012,SOUTHERN CALIFORNIA ALLIANCE OF LAW ENFORCEMENT CMTE TO OPPOSE PROPS 32 & 34,PLACENTIA POLICE OFFICERS ASSOCIATION,Non-Individual,Police unions & associations,Public Sector Unions,Labor,NA,1,250
CO,2012,SMART COLORADO,FRATERNAL ORDER OF POLICE COLORADO LODGE 6,Non-Individual,Police unions & associations,Public Sector Unions,Labor,NA,1,250
MA,2008,COALITION FOR OUR COMMUNITIES,SAUGUS POLICE SUPERIOR OFFICERS ASSOCIATION,Non-Individual,Police unions & associations,Public Sector Unions,Labor,NA,1,250
ND,2018,NORTH DAKOTANS AGAINST THE LEGALIZATION OF RECREATIONAL MARIJUANA,ND FRATERNAL ORDER OF POLICE,Non-Individual,Police unions & associations,Public Sector Unions,Labor,NA,1,250
CA,2012,CALIFORNIANS FOR DEATH PENALTY REFORM & SAVINGS FKA CALIFORNIANS FOR JUSTICE & PUBLIC SAFETY,POMONA POLICE OFFICERS ASSOCIATION,Non-Individual,Police unions & associations,Public Sector Unions,Labor,NA,1,200
CA,2004,YES ON 1A CALIFORNIANS TO PROTECT LOCAL TAXPAYERS & PUBLIC SAFETY,GROVER BEACH POLICE ASSOCIATION,Non-Individual,Police unions & associations,Public Sector Unions,Labor,NA,1,150
MI,2012,PROTECT WORKING FAMILIES,WARREN POLICE OFFICERS ASSOCIATION,Non-Individual,Police unions & associations,Public Sector Unions,Labor,NA,1,150
CA,2004,YES ON 1A CALIFORNIANS TO PROTECT LOCAL TAXPAYERS & PUBLIC SAFETY,CAPITOLA POLICE OFFICERS ASSOCIATION,Non-Individual,Police unions & associations,Public Sector Unions,Labor,NA,1,100
ME,2004,CITIZENS UNITED TO PROTECT OUR PUBLIC SAFETY SCHOOLS & COMMUNITIES,SKOWHEGAN BENEVOLENT POLICE ASSOCIATION,Non-Individual,Police unions & associations,Public Sector Unions,Labor,NA,1,100
ME,2006,CITIZENS UNITED TO PROTECT OUR PUBLIC SAFETY SCHOOLS & COMMUNITIES,SKOWHEGAN BENEVOLENT ASSOCIATION,Non-Individual,Police unions & associations,Public Sector Unions,Labor,NA,1,100
CA,2012,TAXPAYERS FOR PUBLIC SAFETY,LOS ANGELES COUNTY PROFESSIONAL PEACE OFFICERS ASSOCIATION,Non-Individual,Police unions & associations,Public Sector Unions,Labor,NA,3,-5000
